system:index,ndbi,region,week_start,.geo
0,,jumeirah_lake_towers,2015-04-01,"{""type"":""MultiPoint"",""coordinates"":[]}"
1,,jumeirah_lake_towers,2015-04-08,"{""type"":""MultiPoint"",""coordinates"":[]}"
2,,jumeirah_lake_towers,2015-04-15,"{""type"":""MultiPoint"",""coordinates"":[]}"
3,,jumeirah_lake_towers,2015-04-22,"{""type"":""MultiPoint"",""coordinates"":[]}"
4,,jumeirah_lake_towers,2015-04-29,"{""type"":""MultiPoint"",""coordinates"":[]}"
5,,jumeirah_lake_towers,2015-05-06,"{""type"":""MultiPoint"",""coordinates"":[]}"
6,,jumeirah_lake_towers,2015-05-13,"{""type"":""MultiPoint"",""coordinates"":[]}"
7,,jumeirah_lake_towers,2015-05-20,"{""type"":""MultiPoint"",""coordinates"":[]}"
8,,jumeirah_lake_towers,2015-05-27,"{""type"":""MultiPoint"",""coordinates"":[]}"
9,,jumeirah_lake_towers,2015-06-03,"{""type"":""MultiPoint"",""coordinates"":[]}"
10,,jumeirah_lake_towers,2015-06-10,"{""type"":""MultiPoint"",""coordinates"":[]}"
11,,jumeirah_lake_towers,2015-06-17,"{""type"":""MultiPoint"",""coordinates"":[]}"
12,,jumeirah_lake_towers,2015-06-24,"{""type"":""MultiPoint"",""coordinates"":[]}"
13,,jumeirah_lake_towers,2015-07-01,"{""type"":""MultiPoint"",""coordinates"":[]}"
14,,jumeirah_lake_towers,2015-07-08,"{""type"":""MultiPoint"",""coordinates"":[]}"
15,,jumeirah_lake_towers,2015-07-15,"{""type"":""MultiPoint"",""coordinates"":[]}"
16,,jumeirah_lake_towers,2015-07-22,"{""type"":""MultiPoint"",""coordinates"":[]}"
17,,jumeirah_lake_towers,2015-07-29,"{""type"":""MultiPoint"",""coordinates"":[]}"
18,,jumeirah_lake_towers,2015-08-05,"{""type"":""MultiPoint"",""coordinates"":[]}"
19,,jumeirah_lake_towers,2015-08-12,"{""type"":""MultiPoint"",""coordinates"":[]}"
20,,jumeirah_lake_towers,2015-08-19,"{""type"":""MultiPoint"",""coordinates"":[]}"
21,,jumeirah_lake_towers,2015-08-26,"{""type"":""MultiPoint"",""coordinates"":[]}"
22,,jumeirah_lake_towers,2015-09-02,"{""type"":""MultiPoint"",""coordinates"":[]}"
23,,jumeirah_lake_towers,2015-09-09,"{""type"":""MultiPoint"",""coordinates"":[]}"
24,,jumeirah_lake_towers,2015-09-16,"{""type"":""MultiPoint"",""coordinates"":[]}"
25,,jumeirah_lake_towers,2015-09-23,"{""type"":""MultiPoint"",""coordinates"":[]}"
26,,jumeirah_lake_towers,2015-09-30,"{""type"":""MultiPoint"",""coordinates"":[]}"
27,,jumeirah_lake_towers,2015-10-07,"{""type"":""MultiPoint"",""coordinates"":[]}"
28,,jumeirah_lake_towers,2015-10-14,"{""type"":""MultiPoint"",""coordinates"":[]}"
29,,jumeirah_lake_towers,2015-10-21,"{""type"":""MultiPoint"",""coordinates"":[]}"
30,,jumeirah_lake_towers,2015-10-28,"{""type"":""MultiPoint"",""coordinates"":[]}"
31,,jumeirah_lake_towers,2015-11-04,"{""type"":""MultiPoint"",""coordinates"":[]}"
32,,jumeirah_lake_towers,2015-11-11,"{""type"":""MultiPoint"",""coordinates"":[]}"
33,,jumeirah_lake_towers,2015-11-18,"{""type"":""MultiPoint"",""coordinates"":[]}"
34,,jumeirah_lake_towers,2015-11-25,"{""type"":""MultiPoint"",""coordinates"":[]}"
35,,jumeirah_lake_towers,2015-12-02,"{""type"":""MultiPoint"",""coordinates"":[]}"
36,,jumeirah_lake_towers,2015-12-09,"{""type"":""MultiPoint"",""coordinates"":[]}"
37,,jumeirah_lake_towers,2015-12-16,"{""type"":""MultiPoint"",""coordinates"":[]}"
38,,jumeirah_lake_towers,2015-12-23,"{""type"":""MultiPoint"",""coordinates"":[]}"
39,,jumeirah_lake_towers,2015-12-30,"{""type"":""MultiPoint"",""coordinates"":[]}"
40,,jumeirah_lake_towers,2016-01-06,"{""type"":""MultiPoint"",""coordinates"":[]}"
41,,jumeirah_lake_towers,2016-01-13,"{""type"":""MultiPoint"",""coordinates"":[]}"
42,,jumeirah_lake_towers,2016-01-20,"{""type"":""MultiPoint"",""coordinates"":[]}"
43,,jumeirah_lake_towers,2016-01-27,"{""type"":""MultiPoint"",""coordinates"":[]}"
44,,jumeirah_lake_towers,2016-02-03,"{""type"":""MultiPoint"",""coordinates"":[]}"
45,,jumeirah_lake_towers,2016-02-10,"{""type"":""MultiPoint"",""coordinates"":[]}"
46,,jumeirah_lake_towers,2016-02-17,"{""type"":""MultiPoint"",""coordinates"":[]}"
47,,jumeirah_lake_towers,2016-02-24,"{""type"":""MultiPoint"",""coordinates"":[]}"
48,,jumeirah_lake_towers,2016-03-02,"{""type"":""MultiPoint"",""coordinates"":[]}"
49,,jumeirah_lake_towers,2016-03-09,"{""type"":""MultiPoint"",""coordinates"":[]}"
50,,jumeirah_lake_towers,2016-03-16,"{""type"":""MultiPoint"",""coordinates"":[]}"
51,,jumeirah_lake_towers,2016-03-23,"{""type"":""MultiPoint"",""coordinates"":[]}"
52,,jumeirah_lake_towers,2016-03-30,"{""type"":""MultiPoint"",""coordinates"":[]}"
53,,jumeirah_lake_towers,2016-04-06,"{""type"":""MultiPoint"",""coordinates"":[]}"
54,,jumeirah_lake_towers,2016-04-13,"{""type"":""MultiPoint"",""coordinates"":[]}"
55,,jumeirah_lake_towers,2016-04-20,"{""type"":""MultiPoint"",""coordinates"":[]}"
56,,jumeirah_lake_towers,2016-04-27,"{""type"":""MultiPoint"",""coordinates"":[]}"
57,,jumeirah_lake_towers,2016-05-04,"{""type"":""MultiPoint"",""coordinates"":[]}"
58,,jumeirah_lake_towers,2016-05-11,"{""type"":""MultiPoint"",""coordinates"":[]}"
59,,jumeirah_lake_towers,2016-05-18,"{""type"":""MultiPoint"",""coordinates"":[]}"
60,,jumeirah_lake_towers,2016-05-25,"{""type"":""MultiPoint"",""coordinates"":[]}"
61,,jumeirah_lake_towers,2016-06-01,"{""type"":""MultiPoint"",""coordinates"":[]}"
62,,jumeirah_lake_towers,2016-06-08,"{""type"":""MultiPoint"",""coordinates"":[]}"
63,,jumeirah_lake_towers,2016-06-15,"{""type"":""MultiPoint"",""coordinates"":[]}"
64,,jumeirah_lake_towers,2016-06-22,"{""type"":""MultiPoint"",""coordinates"":[]}"
65,,jumeirah_lake_towers,2016-06-29,"{""type"":""MultiPoint"",""coordinates"":[]}"
66,,jumeirah_lake_towers,2016-07-06,"{""type"":""MultiPoint"",""coordinates"":[]}"
67,,jumeirah_lake_towers,2016-07-13,"{""type"":""MultiPoint"",""coordinates"":[]}"
68,,jumeirah_lake_towers,2016-07-20,"{""type"":""MultiPoint"",""coordinates"":[]}"
69,,jumeirah_lake_towers,2016-07-27,"{""type"":""MultiPoint"",""coordinates"":[]}"
70,,jumeirah_lake_towers,2016-08-03,"{""type"":""MultiPoint"",""coordinates"":[]}"
71,,jumeirah_lake_towers,2016-08-10,"{""type"":""MultiPoint"",""coordinates"":[]}"
72,,jumeirah_lake_towers,2016-08-17,"{""type"":""MultiPoint"",""coordinates"":[]}"
73,,jumeirah_lake_towers,2016-08-24,"{""type"":""MultiPoint"",""coordinates"":[]}"
74,,jumeirah_lake_towers,2016-08-31,"{""type"":""MultiPoint"",""coordinates"":[]}"
75,,jumeirah_lake_towers,2016-09-07,"{""type"":""MultiPoint"",""coordinates"":[]}"
76,,jumeirah_lake_towers,2016-09-14,"{""type"":""MultiPoint"",""coordinates"":[]}"
77,,jumeirah_lake_towers,2016-09-21,"{""type"":""MultiPoint"",""coordinates"":[]}"
78,,jumeirah_lake_towers,2016-09-28,"{""type"":""MultiPoint"",""coordinates"":[]}"
79,,jumeirah_lake_towers,2016-10-05,"{""type"":""MultiPoint"",""coordinates"":[]}"
80,,jumeirah_lake_towers,2016-10-12,"{""type"":""MultiPoint"",""coordinates"":[]}"
81,,jumeirah_lake_towers,2016-10-19,"{""type"":""MultiPoint"",""coordinates"":[]}"
82,,jumeirah_lake_towers,2016-10-26,"{""type"":""MultiPoint"",""coordinates"":[]}"
83,,jumeirah_lake_towers,2016-11-02,"{""type"":""MultiPoint"",""coordinates"":[]}"
84,,jumeirah_lake_towers,2016-11-09,"{""type"":""MultiPoint"",""coordinates"":[]}"
85,,jumeirah_lake_towers,2016-11-16,"{""type"":""MultiPoint"",""coordinates"":[]}"
86,,jumeirah_lake_towers,2016-11-23,"{""type"":""MultiPoint"",""coordinates"":[]}"
87,,jumeirah_lake_towers,2016-11-30,"{""type"":""MultiPoint"",""coordinates"":[]}"
88,,jumeirah_lake_towers,2016-12-07,"{""type"":""MultiPoint"",""coordinates"":[]}"
89,,jumeirah_lake_towers,2016-12-14,"{""type"":""MultiPoint"",""coordinates"":[]}"
90,,jumeirah_lake_towers,2016-12-21,"{""type"":""MultiPoint"",""coordinates"":[]}"
91,,jumeirah_lake_towers,2016-12-28,"{""type"":""MultiPoint"",""coordinates"":[]}"
92,,jumeirah_lake_towers,2017-01-04,"{""type"":""MultiPoint"",""coordinates"":[]}"
93,,jumeirah_lake_towers,2017-01-11,"{""type"":""MultiPoint"",""coordinates"":[]}"
94,,jumeirah_lake_towers,2017-01-18,"{""type"":""MultiPoint"",""coordinates"":[]}"
95,,jumeirah_lake_towers,2017-01-25,"{""type"":""MultiPoint"",""coordinates"":[]}"
96,,jumeirah_lake_towers,2017-02-01,"{""type"":""MultiPoint"",""coordinates"":[]}"
97,,jumeirah_lake_towers,2017-02-08,"{""type"":""MultiPoint"",""coordinates"":[]}"
98,,jumeirah_lake_towers,2017-02-15,"{""type"":""MultiPoint"",""coordinates"":[]}"
99,,jumeirah_lake_towers,2017-02-22,"{""type"":""MultiPoint"",""coordinates"":[]}"
100,,jumeirah_lake_towers,2017-03-01,"{""type"":""MultiPoint"",""coordinates"":[]}"
101,,jumeirah_lake_towers,2017-03-08,"{""type"":""MultiPoint"",""coordinates"":[]}"
102,,jumeirah_lake_towers,2017-03-15,"{""type"":""MultiPoint"",""coordinates"":[]}"
103,,jumeirah_lake_towers,2017-03-22,"{""type"":""MultiPoint"",""coordinates"":[]}"
104,,jumeirah_lake_towers,2017-03-29,"{""type"":""MultiPoint"",""coordinates"":[]}"
105,,jumeirah_lake_towers,2017-04-05,"{""type"":""MultiPoint"",""coordinates"":[]}"
106,,jumeirah_lake_towers,2017-04-12,"{""type"":""MultiPoint"",""coordinates"":[]}"
107,,jumeirah_lake_towers,2017-04-19,"{""type"":""MultiPoint"",""coordinates"":[]}"
108,,jumeirah_lake_towers,2017-04-26,"{""type"":""MultiPoint"",""coordinates"":[]}"
109,,jumeirah_lake_towers,2017-05-03,"{""type"":""MultiPoint"",""coordinates"":[]}"
110,,jumeirah_lake_towers,2017-05-10,"{""type"":""MultiPoint"",""coordinates"":[]}"
111,,jumeirah_lake_towers,2017-05-17,"{""type"":""MultiPoint"",""coordinates"":[]}"
112,,jumeirah_lake_towers,2017-05-24,"{""type"":""MultiPoint"",""coordinates"":[]}"
113,,jumeirah_lake_towers,2017-05-31,"{""type"":""MultiPoint"",""coordinates"":[]}"
114,,jumeirah_lake_towers,2017-06-07,"{""type"":""MultiPoint"",""coordinates"":[]}"
115,,jumeirah_lake_towers,2017-06-14,"{""type"":""MultiPoint"",""coordinates"":[]}"
116,,jumeirah_lake_towers,2017-06-21,"{""type"":""MultiPoint"",""coordinates"":[]}"
117,,jumeirah_lake_towers,2017-06-28,"{""type"":""MultiPoint"",""coordinates"":[]}"
118,,jumeirah_lake_towers,2017-07-05,"{""type"":""MultiPoint"",""coordinates"":[]}"
119,,jumeirah_lake_towers,2017-07-12,"{""type"":""MultiPoint"",""coordinates"":[]}"
120,,jumeirah_lake_towers,2017-07-19,"{""type"":""MultiPoint"",""coordinates"":[]}"
121,,jumeirah_lake_towers,2017-07-26,"{""type"":""MultiPoint"",""coordinates"":[]}"
122,,jumeirah_lake_towers,2017-08-02,"{""type"":""MultiPoint"",""coordinates"":[]}"
123,,jumeirah_lake_towers,2017-08-09,"{""type"":""MultiPoint"",""coordinates"":[]}"
124,,jumeirah_lake_towers,2017-08-16,"{""type"":""MultiPoint"",""coordinates"":[]}"
125,,jumeirah_lake_towers,2017-08-23,"{""type"":""MultiPoint"",""coordinates"":[]}"
126,,jumeirah_lake_towers,2017-08-30,"{""type"":""MultiPoint"",""coordinates"":[]}"
127,,jumeirah_lake_towers,2017-09-06,"{""type"":""MultiPoint"",""coordinates"":[]}"
128,,jumeirah_lake_towers,2017-09-13,"{""type"":""MultiPoint"",""coordinates"":[]}"
129,,jumeirah_lake_towers,2017-09-20,"{""type"":""MultiPoint"",""coordinates"":[]}"
130,,jumeirah_lake_towers,2017-09-27,"{""type"":""MultiPoint"",""coordinates"":[]}"
131,,jumeirah_lake_towers,2017-10-04,"{""type"":""MultiPoint"",""coordinates"":[]}"
132,,jumeirah_lake_towers,2017-10-11,"{""type"":""MultiPoint"",""coordinates"":[]}"
133,,jumeirah_lake_towers,2017-10-18,"{""type"":""MultiPoint"",""coordinates"":[]}"
134,,jumeirah_lake_towers,2017-10-25,"{""type"":""MultiPoint"",""coordinates"":[]}"
135,,jumeirah_lake_towers,2017-11-01,"{""type"":""MultiPoint"",""coordinates"":[]}"
136,,jumeirah_lake_towers,2017-11-08,"{""type"":""MultiPoint"",""coordinates"":[]}"
137,,jumeirah_lake_towers,2017-11-15,"{""type"":""MultiPoint"",""coordinates"":[]}"
138,,jumeirah_lake_towers,2017-11-22,"{""type"":""MultiPoint"",""coordinates"":[]}"
139,,jumeirah_lake_towers,2017-11-29,"{""type"":""MultiPoint"",""coordinates"":[]}"
140,,jumeirah_lake_towers,2017-12-06,"{""type"":""MultiPoint"",""coordinates"":[]}"
141,,jumeirah_lake_towers,2017-12-13,"{""type"":""MultiPoint"",""coordinates"":[]}"
142,,jumeirah_lake_towers,2017-12-20,"{""type"":""MultiPoint"",""coordinates"":[]}"
143,,jumeirah_lake_towers,2017-12-27,"{""type"":""MultiPoint"",""coordinates"":[]}"
144,,jumeirah_lake_towers,2018-01-03,"{""type"":""MultiPoint"",""coordinates"":[]}"
145,,jumeirah_lake_towers,2018-01-10,"{""type"":""MultiPoint"",""coordinates"":[]}"
146,,jumeirah_lake_towers,2018-01-17,"{""type"":""MultiPoint"",""coordinates"":[]}"
147,,jumeirah_lake_towers,2018-01-24,"{""type"":""MultiPoint"",""coordinates"":[]}"
148,,jumeirah_lake_towers,2018-01-31,"{""type"":""MultiPoint"",""coordinates"":[]}"
149,,jumeirah_lake_towers,2018-02-07,"{""type"":""MultiPoint"",""coordinates"":[]}"
150,,jumeirah_lake_towers,2018-02-14,"{""type"":""MultiPoint"",""coordinates"":[]}"
151,,jumeirah_lake_towers,2018-02-21,"{""type"":""MultiPoint"",""coordinates"":[]}"
152,,jumeirah_lake_towers,2018-02-28,"{""type"":""MultiPoint"",""coordinates"":[]}"
153,,jumeirah_lake_towers,2018-03-07,"{""type"":""MultiPoint"",""coordinates"":[]}"
154,,jumeirah_lake_towers,2018-03-14,"{""type"":""MultiPoint"",""coordinates"":[]}"
155,,jumeirah_lake_towers,2018-03-21,"{""type"":""MultiPoint"",""coordinates"":[]}"
156,,jumeirah_lake_towers,2018-03-28,"{""type"":""MultiPoint"",""coordinates"":[]}"
157,,jumeirah_lake_towers,2018-04-04,"{""type"":""MultiPoint"",""coordinates"":[]}"
158,,jumeirah_lake_towers,2018-04-11,"{""type"":""MultiPoint"",""coordinates"":[]}"
159,,jumeirah_lake_towers,2018-04-18,"{""type"":""MultiPoint"",""coordinates"":[]}"
160,,jumeirah_lake_towers,2018-04-25,"{""type"":""MultiPoint"",""coordinates"":[]}"
161,,jumeirah_lake_towers,2018-05-02,"{""type"":""MultiPoint"",""coordinates"":[]}"
162,,jumeirah_lake_towers,2018-05-09,"{""type"":""MultiPoint"",""coordinates"":[]}"
163,,jumeirah_lake_towers,2018-05-16,"{""type"":""MultiPoint"",""coordinates"":[]}"
164,,jumeirah_lake_towers,2018-05-23,"{""type"":""MultiPoint"",""coordinates"":[]}"
165,,jumeirah_lake_towers,2018-05-30,"{""type"":""MultiPoint"",""coordinates"":[]}"
166,,jumeirah_lake_towers,2018-06-06,"{""type"":""MultiPoint"",""coordinates"":[]}"
167,,jumeirah_lake_towers,2018-06-13,"{""type"":""MultiPoint"",""coordinates"":[]}"
168,,jumeirah_lake_towers,2018-06-20,"{""type"":""MultiPoint"",""coordinates"":[]}"
169,,jumeirah_lake_towers,2018-06-27,"{""type"":""MultiPoint"",""coordinates"":[]}"
170,,jumeirah_lake_towers,2018-07-04,"{""type"":""MultiPoint"",""coordinates"":[]}"
171,,jumeirah_lake_towers,2018-07-11,"{""type"":""MultiPoint"",""coordinates"":[]}"
172,,jumeirah_lake_towers,2018-07-18,"{""type"":""MultiPoint"",""coordinates"":[]}"
173,,jumeirah_lake_towers,2018-07-25,"{""type"":""MultiPoint"",""coordinates"":[]}"
174,,jumeirah_lake_towers,2018-08-01,"{""type"":""MultiPoint"",""coordinates"":[]}"
175,,jumeirah_lake_towers,2018-08-08,"{""type"":""MultiPoint"",""coordinates"":[]}"
176,,jumeirah_lake_towers,2018-08-15,"{""type"":""MultiPoint"",""coordinates"":[]}"
177,,jumeirah_lake_towers,2018-08-22,"{""type"":""MultiPoint"",""coordinates"":[]}"
178,,jumeirah_lake_towers,2018-08-29,"{""type"":""MultiPoint"",""coordinates"":[]}"
179,,jumeirah_lake_towers,2018-09-05,"{""type"":""MultiPoint"",""coordinates"":[]}"
180,,jumeirah_lake_towers,2018-09-12,"{""type"":""MultiPoint"",""coordinates"":[]}"
181,,jumeirah_lake_towers,2018-09-19,"{""type"":""MultiPoint"",""coordinates"":[]}"
182,,jumeirah_lake_towers,2018-09-26,"{""type"":""MultiPoint"",""coordinates"":[]}"
183,,jumeirah_lake_towers,2018-10-03,"{""type"":""MultiPoint"",""coordinates"":[]}"
184,,jumeirah_lake_towers,2018-10-10,"{""type"":""MultiPoint"",""coordinates"":[]}"
185,,jumeirah_lake_towers,2018-10-17,"{""type"":""MultiPoint"",""coordinates"":[]}"
186,,jumeirah_lake_towers,2018-10-24,"{""type"":""MultiPoint"",""coordinates"":[]}"
187,,jumeirah_lake_towers,2018-10-31,"{""type"":""MultiPoint"",""coordinates"":[]}"
188,,jumeirah_lake_towers,2018-11-07,"{""type"":""MultiPoint"",""coordinates"":[]}"
189,,jumeirah_lake_towers,2018-11-14,"{""type"":""MultiPoint"",""coordinates"":[]}"
190,,jumeirah_lake_towers,2018-11-21,"{""type"":""MultiPoint"",""coordinates"":[]}"
191,,jumeirah_lake_towers,2018-11-28,"{""type"":""MultiPoint"",""coordinates"":[]}"
192,,jumeirah_lake_towers,2018-12-05,"{""type"":""MultiPoint"",""coordinates"":[]}"
193,0.05546431233790415,jumeirah_lake_towers,2018-12-12,"{""type"":""MultiPoint"",""coordinates"":[]}"
194,0.03539308575522253,jumeirah_lake_towers,2018-12-19,"{""type"":""MultiPoint"",""coordinates"":[]}"
195,0.019170937627402965,jumeirah_lake_towers,2018-12-26,"{""type"":""MultiPoint"",""coordinates"":[]}"
196,,jumeirah_lake_towers,2019-01-02,"{""type"":""MultiPoint"",""coordinates"":[]}"
197,0.050290007744912664,jumeirah_lake_towers,2019-01-09,"{""type"":""MultiPoint"",""coordinates"":[]}"
198,,jumeirah_lake_towers,2019-01-16,"{""type"":""MultiPoint"",""coordinates"":[]}"
199,0.023803083309301705,jumeirah_lake_towers,2019-01-23,"{""type"":""MultiPoint"",""coordinates"":[]}"
200,,jumeirah_lake_towers,2019-01-30,"{""type"":""MultiPoint"",""coordinates"":[]}"
201,0.06150998026444622,jumeirah_lake_towers,2019-02-06,"{""type"":""MultiPoint"",""coordinates"":[]}"
202,0.09096973082992162,jumeirah_lake_towers,2019-02-13,"{""type"":""MultiPoint"",""coordinates"":[]}"
203,-0.009298509047135943,jumeirah_lake_towers,2019-02-20,"{""type"":""MultiPoint"",""coordinates"":[]}"
204,0.0474929768711215,jumeirah_lake_towers,2019-02-27,"{""type"":""MultiPoint"",""coordinates"":[]}"
205,,jumeirah_lake_towers,2019-03-06,"{""type"":""MultiPoint"",""coordinates"":[]}"
206,,jumeirah_lake_towers,2019-03-13,"{""type"":""MultiPoint"",""coordinates"":[]}"
207,0.032032698122889586,jumeirah_lake_towers,2019-03-20,"{""type"":""MultiPoint"",""coordinates"":[]}"
208,,jumeirah_lake_towers,2019-03-27,"{""type"":""MultiPoint"",""coordinates"":[]}"
209,0.03338746914533612,jumeirah_lake_towers,2019-04-03,"{""type"":""MultiPoint"",""coordinates"":[]}"
210,,jumeirah_lake_towers,2019-04-10,"{""type"":""MultiPoint"",""coordinates"":[]}"
211,0.01815290718767623,jumeirah_lake_towers,2019-04-17,"{""type"":""MultiPoint"",""coordinates"":[]}"
212,0.026016295747548736,jumeirah_lake_towers,2019-04-24,"{""type"":""MultiPoint"",""coordinates"":[]}"
213,0.001163229703535065,jumeirah_lake_towers,2019-05-01,"{""type"":""MultiPoint"",""coordinates"":[]}"
214,0.028461953600642447,jumeirah_lake_towers,2019-05-08,"{""type"":""MultiPoint"",""coordinates"":[]}"
215,,jumeirah_lake_towers,2019-05-15,"{""type"":""MultiPoint"",""coordinates"":[]}"
216,0.027129759598402456,jumeirah_lake_towers,2019-05-22,"{""type"":""MultiPoint"",""coordinates"":[]}"
217,0.025535041959968106,jumeirah_lake_towers,2019-05-29,"{""type"":""MultiPoint"",""coordinates"":[]}"
218,0.028854913004049028,jumeirah_lake_towers,2019-06-05,"{""type"":""MultiPoint"",""coordinates"":[]}"
219,0.03504522892248967,jumeirah_lake_towers,2019-06-12,"{""type"":""MultiPoint"",""coordinates"":[]}"
220,0.032958325654069705,jumeirah_lake_towers,2019-06-19,"{""type"":""MultiPoint"",""coordinates"":[]}"
221,0.03805264712445198,jumeirah_lake_towers,2019-06-26,"{""type"":""MultiPoint"",""coordinates"":[]}"
222,0.035962266939042885,jumeirah_lake_towers,2019-07-03,"{""type"":""MultiPoint"",""coordinates"":[]}"
223,0.030683095683400607,jumeirah_lake_towers,2019-07-10,"{""type"":""MultiPoint"",""coordinates"":[]}"
224,,jumeirah_lake_towers,2019-07-17,"{""type"":""MultiPoint"",""coordinates"":[]}"
225,0.029652614436137176,jumeirah_lake_towers,2019-07-24,"{""type"":""MultiPoint"",""coordinates"":[]}"
226,0.03970817181940276,jumeirah_lake_towers,2019-07-31,"{""type"":""MultiPoint"",""coordinates"":[]}"
227,0.045756013280342726,jumeirah_lake_towers,2019-08-07,"{""type"":""MultiPoint"",""coordinates"":[]}"
228,0.04028789123077378,jumeirah_lake_towers,2019-08-14,"{""type"":""MultiPoint"",""coordinates"":[]}"
229,0.04550296894784185,jumeirah_lake_towers,2019-08-21,"{""type"":""MultiPoint"",""coordinates"":[]}"
230,0.054587616562511335,jumeirah_lake_towers,2019-08-28,"{""type"":""MultiPoint"",""coordinates"":[]}"
231,,jumeirah_lake_towers,2019-09-04,"{""type"":""MultiPoint"",""coordinates"":[]}"
232,0.035948395382490166,jumeirah_lake_towers,2019-09-11,"{""type"":""MultiPoint"",""coordinates"":[]}"
233,0.04331510605816926,jumeirah_lake_towers,2019-09-18,"{""type"":""MultiPoint"",""coordinates"":[]}"
234,0.05483507145914432,jumeirah_lake_towers,2019-09-25,"{""type"":""MultiPoint"",""coordinates"":[]}"
235,0.034141995151055725,jumeirah_lake_towers,2019-10-02,"{""type"":""MultiPoint"",""coordinates"":[]}"
236,0.04748520406409532,jumeirah_lake_towers,2019-10-09,"{""type"":""MultiPoint"",""coordinates"":[]}"
237,0.04742125086055636,jumeirah_lake_towers,2019-10-16,"{""type"":""MultiPoint"",""coordinates"":[]}"
238,0.05524052300978523,jumeirah_lake_towers,2019-10-23,"{""type"":""MultiPoint"",""coordinates"":[]}"
239,0.03668970221079272,jumeirah_lake_towers,2019-10-30,"{""type"":""MultiPoint"",""coordinates"":[]}"
240,,jumeirah_lake_towers,2019-11-06,"{""type"":""MultiPoint"",""coordinates"":[]}"
241,,jumeirah_lake_towers,2019-11-13,"{""type"":""MultiPoint"",""coordinates"":[]}"
242,0.06170928376941451,jumeirah_lake_towers,2019-11-20,"{""type"":""MultiPoint"",""coordinates"":[]}"
243,-0.04020087043049012,jumeirah_lake_towers,2019-11-27,"{""type"":""MultiPoint"",""coordinates"":[]}"
244,-0.13707776641891622,jumeirah_lake_towers,2019-12-04,"{""type"":""MultiPoint"",""coordinates"":[]}"
245,,jumeirah_lake_towers,2019-12-11,"{""type"":""MultiPoint"",""coordinates"":[]}"
246,0.04265920367633316,jumeirah_lake_towers,2019-12-18,"{""type"":""MultiPoint"",""coordinates"":[]}"
247,0.08784077886520177,jumeirah_lake_towers,2019-12-25,"{""type"":""MultiPoint"",""coordinates"":[]}"
248,0.07150630436029265,jumeirah_lake_towers,2020-01-01,"{""type"":""MultiPoint"",""coordinates"":[]}"
249,0.05206655578589048,jumeirah_lake_towers,2020-01-08,"{""type"":""MultiPoint"",""coordinates"":[]}"
250,0.14232508728408647,jumeirah_lake_towers,2020-01-15,"{""type"":""MultiPoint"",""coordinates"":[]}"
251,,jumeirah_lake_towers,2020-01-22,"{""type"":""MultiPoint"",""coordinates"":[]}"
252,0.03492985927334319,jumeirah_lake_towers,2020-01-29,"{""type"":""MultiPoint"",""coordinates"":[]}"
253,0.050287890511852694,jumeirah_lake_towers,2020-02-05,"{""type"":""MultiPoint"",""coordinates"":[]}"
254,0.046758532874161346,jumeirah_lake_towers,2020-02-12,"{""type"":""MultiPoint"",""coordinates"":[]}"
255,0.05483475605780356,jumeirah_lake_towers,2020-02-19,"{""type"":""MultiPoint"",""coordinates"":[]}"
256,0.03811038866789665,jumeirah_lake_towers,2020-02-26,"{""type"":""MultiPoint"",""coordinates"":[]}"
257,-1.830039830403207E-4,jumeirah_lake_towers,2020-03-04,"{""type"":""MultiPoint"",""coordinates"":[]}"
258,,jumeirah_lake_towers,2020-03-11,"{""type"":""MultiPoint"",""coordinates"":[]}"
259,,jumeirah_lake_towers,2020-03-18,"{""type"":""MultiPoint"",""coordinates"":[]}"
260,,jumeirah_lake_towers,2020-03-25,"{""type"":""MultiPoint"",""coordinates"":[]}"
261,0.009725553124284619,jumeirah_lake_towers,2020-04-01,"{""type"":""MultiPoint"",""coordinates"":[]}"
262,0.025282326105419774,jumeirah_lake_towers,2020-04-08,"{""type"":""MultiPoint"",""coordinates"":[]}"
263,0.03545635986809193,jumeirah_lake_towers,2020-04-15,"{""type"":""MultiPoint"",""coordinates"":[]}"
264,,jumeirah_lake_towers,2020-04-22,"{""type"":""MultiPoint"",""coordinates"":[]}"
265,0.03553949952833407,jumeirah_lake_towers,2020-04-29,"{""type"":""MultiPoint"",""coordinates"":[]}"
266,0.022469112162213988,jumeirah_lake_towers,2020-05-06,"{""type"":""MultiPoint"",""coordinates"":[]}"
267,0.024501107645616162,jumeirah_lake_towers,2020-05-13,"{""type"":""MultiPoint"",""coordinates"":[]}"
268,0.045315418106537726,jumeirah_lake_towers,2020-05-20,"{""type"":""MultiPoint"",""coordinates"":[]}"
269,0.031435079829546984,jumeirah_lake_towers,2020-05-27,"{""type"":""MultiPoint"",""coordinates"":[]}"
270,0.03490775889638424,jumeirah_lake_towers,2020-06-03,"{""type"":""MultiPoint"",""coordinates"":[]}"
271,0.033207965057052174,jumeirah_lake_towers,2020-06-10,"{""type"":""MultiPoint"",""coordinates"":[]}"
272,0.04040416739166849,jumeirah_lake_towers,2020-06-17,"{""type"":""MultiPoint"",""coordinates"":[]}"
273,0.04329903284533173,jumeirah_lake_towers,2020-06-24,"{""type"":""MultiPoint"",""coordinates"":[]}"
274,0.05286977354963048,jumeirah_lake_towers,2020-07-01,"{""type"":""MultiPoint"",""coordinates"":[]}"
275,0.05081880959680287,jumeirah_lake_towers,2020-07-08,"{""type"":""MultiPoint"",""coordinates"":[]}"
276,0.043791233686039516,jumeirah_lake_towers,2020-07-15,"{""type"":""MultiPoint"",""coordinates"":[]}"
277,0.04825991719163694,jumeirah_lake_towers,2020-07-22,"{""type"":""MultiPoint"",""coordinates"":[]}"
278,0.056254773805905454,jumeirah_lake_towers,2020-07-29,"{""type"":""MultiPoint"",""coordinates"":[]}"
279,0.057915757237823155,jumeirah_lake_towers,2020-08-05,"{""type"":""MultiPoint"",""coordinates"":[]}"
280,,jumeirah_lake_towers,2020-08-12,"{""type"":""MultiPoint"",""coordinates"":[]}"
281,,jumeirah_lake_towers,2020-08-19,"{""type"":""MultiPoint"",""coordinates"":[]}"
282,0.03374353167696645,jumeirah_lake_towers,2020-08-26,"{""type"":""MultiPoint"",""coordinates"":[]}"
283,0.047872803871245796,jumeirah_lake_towers,2020-09-02,"{""type"":""MultiPoint"",""coordinates"":[]}"
284,0.04811353368252144,jumeirah_lake_towers,2020-09-09,"{""type"":""MultiPoint"",""coordinates"":[]}"
285,0.06595166425579825,jumeirah_lake_towers,2020-09-16,"{""type"":""MultiPoint"",""coordinates"":[]}"
286,0.04052433316837021,jumeirah_lake_towers,2020-09-23,"{""type"":""MultiPoint"",""coordinates"":[]}"
287,0.045180192019674006,jumeirah_lake_towers,2020-09-30,"{""type"":""MultiPoint"",""coordinates"":[]}"
288,0.06427703509571249,jumeirah_lake_towers,2020-10-07,"{""type"":""MultiPoint"",""coordinates"":[]}"
289,0.09097203045527429,jumeirah_lake_towers,2020-10-14,"{""type"":""MultiPoint"",""coordinates"":[]}"
290,0.049986343982674174,jumeirah_lake_towers,2020-10-21,"{""type"":""MultiPoint"",""coordinates"":[]}"
291,0.09653872254777224,jumeirah_lake_towers,2020-10-28,"{""type"":""MultiPoint"",""coordinates"":[]}"
292,0.05582691976910544,jumeirah_lake_towers,2020-11-04,"{""type"":""MultiPoint"",""coordinates"":[]}"
293,,jumeirah_lake_towers,2020-11-11,"{""type"":""MultiPoint"",""coordinates"":[]}"
294,0.1248725605670117,jumeirah_lake_towers,2020-11-18,"{""type"":""MultiPoint"",""coordinates"":[]}"
295,,jumeirah_lake_towers,2020-11-25,"{""type"":""MultiPoint"",""coordinates"":[]}"
296,0.05432541435514801,jumeirah_lake_towers,2020-12-02,"{""type"":""MultiPoint"",""coordinates"":[]}"
297,0.02414730787828133,jumeirah_lake_towers,2020-12-09,"{""type"":""MultiPoint"",""coordinates"":[]}"
298,0.01739706538064308,jumeirah_lake_towers,2020-12-16,"{""type"":""MultiPoint"",""coordinates"":[]}"
299,0.0591963467453072,jumeirah_lake_towers,2020-12-23,"{""type"":""MultiPoint"",""coordinates"":[]}"
300,,jumeirah_lake_towers,2020-12-30,"{""type"":""MultiPoint"",""coordinates"":[]}"
301,0.030549527704703434,jumeirah_lake_towers,2021-01-06,"{""type"":""MultiPoint"",""coordinates"":[]}"
302,0.06284606762740869,jumeirah_lake_towers,2021-01-13,"{""type"":""MultiPoint"",""coordinates"":[]}"
303,-0.011138610974893628,jumeirah_lake_towers,2021-01-20,"{""type"":""MultiPoint"",""coordinates"":[]}"
304,0.07415134167294855,jumeirah_lake_towers,2021-01-27,"{""type"":""MultiPoint"",""coordinates"":[]}"
305,0.06004442445068442,jumeirah_lake_towers,2021-02-03,"{""type"":""MultiPoint"",""coordinates"":[]}"
306,,jumeirah_lake_towers,2021-02-10,"{""type"":""MultiPoint"",""coordinates"":[]}"
307,0.06772744583119526,jumeirah_lake_towers,2021-02-17,"{""type"":""MultiPoint"",""coordinates"":[]}"
308,0.043789021716689865,jumeirah_lake_towers,2021-02-24,"{""type"":""MultiPoint"",""coordinates"":[]}"
309,0.025261933326984076,jumeirah_lake_towers,2021-03-03,"{""type"":""MultiPoint"",""coordinates"":[]}"
310,-0.005000041013347542,jumeirah_lake_towers,2021-03-10,"{""type"":""MultiPoint"",""coordinates"":[]}"
311,0.007512560928068694,jumeirah_lake_towers,2021-03-17,"{""type"":""MultiPoint"",""coordinates"":[]}"
312,0.03728270676937663,jumeirah_lake_towers,2021-03-24,"{""type"":""MultiPoint"",""coordinates"":[]}"
313,0.023202462965291874,jumeirah_lake_towers,2021-03-31,"{""type"":""MultiPoint"",""coordinates"":[]}"
314,0.04308322138942648,jumeirah_lake_towers,2021-04-07,"{""type"":""MultiPoint"",""coordinates"":[]}"
315,0.004155596736252827,jumeirah_lake_towers,2021-04-14,"{""type"":""MultiPoint"",""coordinates"":[]}"
316,0.04170431054433078,jumeirah_lake_towers,2021-04-21,"{""type"":""MultiPoint"",""coordinates"":[]}"
317,,jumeirah_lake_towers,2021-04-28,"{""type"":""MultiPoint"",""coordinates"":[]}"
318,0.04265982798726454,jumeirah_lake_towers,2021-05-05,"{""type"":""MultiPoint"",""coordinates"":[]}"
319,0.03745680705789191,jumeirah_lake_towers,2021-05-12,"{""type"":""MultiPoint"",""coordinates"":[]}"
320,0.02882538409986333,jumeirah_lake_towers,2021-05-19,"{""type"":""MultiPoint"",""coordinates"":[]}"
321,0.040033295550376984,jumeirah_lake_towers,2021-05-26,"{""type"":""MultiPoint"",""coordinates"":[]}"
322,0.046828261939161106,jumeirah_lake_towers,2021-06-02,"{""type"":""MultiPoint"",""coordinates"":[]}"
323,0.03717484076923036,jumeirah_lake_towers,2021-06-09,"{""type"":""MultiPoint"",""coordinates"":[]}"
324,0.029798046391326584,jumeirah_lake_towers,2021-06-16,"{""type"":""MultiPoint"",""coordinates"":[]}"
325,0.034177197975625635,jumeirah_lake_towers,2021-06-23,"{""type"":""MultiPoint"",""coordinates"":[]}"
326,0.04076467459151858,jumeirah_lake_towers,2021-06-30,"{""type"":""MultiPoint"",""coordinates"":[]}"
327,0.041537874111149245,jumeirah_lake_towers,2021-07-07,"{""type"":""MultiPoint"",""coordinates"":[]}"
328,,jumeirah_lake_towers,2021-07-14,"{""type"":""MultiPoint"",""coordinates"":[]}"
329,0.06073792937383298,jumeirah_lake_towers,2021-07-21,"{""type"":""MultiPoint"",""coordinates"":[]}"
330,0.03631221660386125,jumeirah_lake_towers,2021-07-28,"{""type"":""MultiPoint"",""coordinates"":[]}"
331,0.059734618119159005,jumeirah_lake_towers,2021-08-04,"{""type"":""MultiPoint"",""coordinates"":[]}"
332,0.0506791076759341,jumeirah_lake_towers,2021-08-11,"{""type"":""MultiPoint"",""coordinates"":[]}"
333,0.04618278052319749,jumeirah_lake_towers,2021-08-18,"{""type"":""MultiPoint"",""coordinates"":[]}"
334,0.0458663858353198,jumeirah_lake_towers,2021-08-25,"{""type"":""MultiPoint"",""coordinates"":[]}"
335,0.03578129479437307,jumeirah_lake_towers,2021-09-01,"{""type"":""MultiPoint"",""coordinates"":[]}"
336,0.055312723233597094,jumeirah_lake_towers,2021-09-08,"{""type"":""MultiPoint"",""coordinates"":[]}"
337,0.04127912165660471,jumeirah_lake_towers,2021-09-15,"{""type"":""MultiPoint"",""coordinates"":[]}"
338,0.05957904434007881,jumeirah_lake_towers,2021-09-22,"{""type"":""MultiPoint"",""coordinates"":[]}"
339,0.038806086283842904,jumeirah_lake_towers,2021-09-29,"{""type"":""MultiPoint"",""coordinates"":[]}"
340,0.029682955158693153,jumeirah_lake_towers,2021-10-06,"{""type"":""MultiPoint"",""coordinates"":[]}"
341,0.044429333516792534,jumeirah_lake_towers,2021-10-13,"{""type"":""MultiPoint"",""coordinates"":[]}"
342,0.05168128971004168,jumeirah_lake_towers,2021-10-20,"{""type"":""MultiPoint"",""coordinates"":[]}"
343,0.05083955091498916,jumeirah_lake_towers,2021-10-27,"{""type"":""MultiPoint"",""coordinates"":[]}"
344,0.033788320674678025,jumeirah_lake_towers,2021-11-03,"{""type"":""MultiPoint"",""coordinates"":[]}"
345,0.12963189739536266,jumeirah_lake_towers,2021-11-10,"{""type"":""MultiPoint"",""coordinates"":[]}"
346,0.03216931228696151,jumeirah_lake_towers,2021-11-17,"{""type"":""MultiPoint"",""coordinates"":[]}"
347,0.06786859733708453,jumeirah_lake_towers,2021-11-24,"{""type"":""MultiPoint"",""coordinates"":[]}"
348,0.04925459839752057,jumeirah_lake_towers,2021-12-01,"{""type"":""MultiPoint"",""coordinates"":[]}"
349,,jumeirah_lake_towers,2021-12-08,"{""type"":""MultiPoint"",""coordinates"":[]}"
350,,jumeirah_lake_towers,2021-12-15,"{""type"":""MultiPoint"",""coordinates"":[]}"
351,0.1064296107743262,jumeirah_lake_towers,2021-12-22,"{""type"":""MultiPoint"",""coordinates"":[]}"
352,,jumeirah_lake_towers,2021-12-29,"{""type"":""MultiPoint"",""coordinates"":[]}"
353,0.0574900779371985,jumeirah_lake_towers,2022-01-05,"{""type"":""MultiPoint"",""coordinates"":[]}"
354,0.003734898503723904,jumeirah_lake_towers,2022-01-12,"{""type"":""MultiPoint"",""coordinates"":[]}"
355,0.0377130919076766,jumeirah_lake_towers,2022-01-19,"{""type"":""MultiPoint"",""coordinates"":[]}"
356,,jumeirah_lake_towers,2022-01-26,"{""type"":""MultiPoint"",""coordinates"":[]}"
357,0.03978353851275091,jumeirah_lake_towers,2022-02-02,"{""type"":""MultiPoint"",""coordinates"":[]}"
358,0.056617107566340315,jumeirah_lake_towers,2022-02-09,"{""type"":""MultiPoint"",""coordinates"":[]}"
359,0.06107451848334188,jumeirah_lake_towers,2022-02-16,"{""type"":""MultiPoint"",""coordinates"":[]}"
360,0.0674315600033963,jumeirah_lake_towers,2022-02-23,"{""type"":""MultiPoint"",""coordinates"":[]}"
361,,jumeirah_lake_towers,2022-03-02,"{""type"":""MultiPoint"",""coordinates"":[]}"
362,0.07147515892173632,jumeirah_lake_towers,2022-03-09,"{""type"":""MultiPoint"",""coordinates"":[]}"
363,0.008955295299864944,jumeirah_lake_towers,2022-03-16,"{""type"":""MultiPoint"",""coordinates"":[]}"
364,0.01374269216427609,jumeirah_lake_towers,2022-03-23,"{""type"":""MultiPoint"",""coordinates"":[]}"
365,0.03752562752484279,jumeirah_lake_towers,2022-03-30,"{""type"":""MultiPoint"",""coordinates"":[]}"
366,0.02028285885445504,jumeirah_lake_towers,2022-04-06,"{""type"":""MultiPoint"",""coordinates"":[]}"
367,0.07057736849206786,jumeirah_lake_towers,2022-04-13,"{""type"":""MultiPoint"",""coordinates"":[]}"
368,0.04007008500010896,jumeirah_lake_towers,2022-04-20,"{""type"":""MultiPoint"",""coordinates"":[]}"
369,0.020692094192804017,jumeirah_lake_towers,2022-04-27,"{""type"":""MultiPoint"",""coordinates"":[]}"
370,0.015536078913853129,jumeirah_lake_towers,2022-05-04,"{""type"":""MultiPoint"",""coordinates"":[]}"
371,0.005989600732349403,jumeirah_lake_towers,2022-05-11,"{""type"":""MultiPoint"",""coordinates"":[]}"
372,0.00491493525282561,jumeirah_lake_towers,2022-05-18,"{""type"":""MultiPoint"",""coordinates"":[]}"
373,-0.0037436382579833036,jumeirah_lake_towers,2022-05-25,"{""type"":""MultiPoint"",""coordinates"":[]}"
374,0.02094060431434097,jumeirah_lake_towers,2022-06-01,"{""type"":""MultiPoint"",""coordinates"":[]}"
375,0.02882155377476986,jumeirah_lake_towers,2022-06-08,"{""type"":""MultiPoint"",""coordinates"":[]}"
376,0.04251375554000694,jumeirah_lake_towers,2022-06-15,"{""type"":""MultiPoint"",""coordinates"":[]}"
377,0.06055229244226557,jumeirah_lake_towers,2022-06-22,"{""type"":""MultiPoint"",""coordinates"":[]}"
378,,jumeirah_lake_towers,2022-06-29,"{""type"":""MultiPoint"",""coordinates"":[]}"
379,0.045858581281167765,jumeirah_lake_towers,2022-07-06,"{""type"":""MultiPoint"",""coordinates"":[]}"
380,,jumeirah_lake_towers,2022-07-13,"{""type"":""MultiPoint"",""coordinates"":[]}"
381,0.04781930720315297,jumeirah_lake_towers,2022-07-20,"{""type"":""MultiPoint"",""coordinates"":[]}"
382,0.03210576777987044,jumeirah_lake_towers,2022-07-27,"{""type"":""MultiPoint"",""coordinates"":[]}"
383,0.04111172509647971,jumeirah_lake_towers,2022-08-03,"{""type"":""MultiPoint"",""coordinates"":[]}"
384,0.03864525360739838,jumeirah_lake_towers,2022-08-10,"{""type"":""MultiPoint"",""coordinates"":[]}"
385,0.021860832303557266,jumeirah_lake_towers,2022-08-17,"{""type"":""MultiPoint"",""coordinates"":[]}"
386,0.02246631480167027,jumeirah_lake_towers,2022-08-24,"{""type"":""MultiPoint"",""coordinates"":[]}"
387,0.05503420898868962,jumeirah_lake_towers,2022-08-31,"{""type"":""MultiPoint"",""coordinates"":[]}"
388,0.05956427621445407,jumeirah_lake_towers,2022-09-07,"{""type"":""MultiPoint"",""coordinates"":[]}"
389,0.06770019593805028,jumeirah_lake_towers,2022-09-14,"{""type"":""MultiPoint"",""coordinates"":[]}"
390,0.05567128332891632,jumeirah_lake_towers,2022-09-21,"{""type"":""MultiPoint"",""coordinates"":[]}"
391,0.0510851711875415,jumeirah_lake_towers,2022-09-28,"{""type"":""MultiPoint"",""coordinates"":[]}"
392,0.040497772578747815,jumeirah_lake_towers,2022-10-05,"{""type"":""MultiPoint"",""coordinates"":[]}"
393,0.02738418024993159,jumeirah_lake_towers,2022-10-12,"{""type"":""MultiPoint"",""coordinates"":[]}"
394,0.06095751885312466,jumeirah_lake_towers,2022-10-19,"{""type"":""MultiPoint"",""coordinates"":[]}"
395,0.11546988770685455,jumeirah_lake_towers,2022-10-26,"{""type"":""MultiPoint"",""coordinates"":[]}"
396,0.13192945776695045,jumeirah_lake_towers,2022-11-02,"{""type"":""MultiPoint"",""coordinates"":[]}"
397,0.06467992787867348,jumeirah_lake_towers,2022-11-09,"{""type"":""MultiPoint"",""coordinates"":[]}"
398,,jumeirah_lake_towers,2022-11-16,"{""type"":""MultiPoint"",""coordinates"":[]}"
399,0.1257417687979788,jumeirah_lake_towers,2022-11-23,"{""type"":""MultiPoint"",""coordinates"":[]}"
400,-0.0025117539484670244,jumeirah_lake_towers,2022-11-30,"{""type"":""MultiPoint"",""coordinates"":[]}"
401,0.16653447076563072,jumeirah_lake_towers,2022-12-07,"{""type"":""MultiPoint"",""coordinates"":[]}"
402,0.0682808526963807,jumeirah_lake_towers,2022-12-14,"{""type"":""MultiPoint"",""coordinates"":[]}"
403,,jumeirah_lake_towers,2022-12-21,"{""type"":""MultiPoint"",""coordinates"":[]}"
404,,jumeirah_lake_towers,2022-12-28,"{""type"":""MultiPoint"",""coordinates"":[]}"
405,,jumeirah_lake_towers,2023-01-04,"{""type"":""MultiPoint"",""coordinates"":[]}"
406,0.03399494834930457,jumeirah_lake_towers,2023-01-11,"{""type"":""MultiPoint"",""coordinates"":[]}"
407,,jumeirah_lake_towers,2023-01-18,"{""type"":""MultiPoint"",""coordinates"":[]}"
408,,jumeirah_lake_towers,2023-01-25,"{""type"":""MultiPoint"",""coordinates"":[]}"
409,0.04854710198151572,jumeirah_lake_towers,2023-02-01,"{""type"":""MultiPoint"",""coordinates"":[]}"
410,0.05266074099648053,jumeirah_lake_towers,2023-02-08,"{""type"":""MultiPoint"",""coordinates"":[]}"
411,0.031218109826477575,jumeirah_lake_towers,2023-02-15,"{""type"":""MultiPoint"",""coordinates"":[]}"
412,,jumeirah_lake_towers,2023-02-22,"{""type"":""MultiPoint"",""coordinates"":[]}"
413,0.02997832695710631,jumeirah_lake_towers,2023-03-01,"{""type"":""MultiPoint"",""coordinates"":[]}"
414,,jumeirah_lake_towers,2023-03-08,"{""type"":""MultiPoint"",""coordinates"":[]}"
415,,jumeirah_lake_towers,2023-03-15,"{""type"":""MultiPoint"",""coordinates"":[]}"
416,0.03682125845434888,jumeirah_lake_towers,2023-03-22,"{""type"":""MultiPoint"",""coordinates"":[]}"
417,0.023534934653405098,jumeirah_lake_towers,2023-03-29,"{""type"":""MultiPoint"",""coordinates"":[]}"
418,,jumeirah_lake_towers,2023-04-05,"{""type"":""MultiPoint"",""coordinates"":[]}"
419,,jumeirah_lake_towers,2023-04-12,"{""type"":""MultiPoint"",""coordinates"":[]}"
420,,jumeirah_lake_towers,2023-04-19,"{""type"":""MultiPoint"",""coordinates"":[]}"
421,0.028814332990598254,jumeirah_lake_towers,2023-04-26,"{""type"":""MultiPoint"",""coordinates"":[]}"
422,0.014480139317047534,jumeirah_lake_towers,2023-05-03,"{""type"":""MultiPoint"",""coordinates"":[]}"
423,0.030226736789013116,jumeirah_lake_towers,2023-05-10,"{""type"":""MultiPoint"",""coordinates"":[]}"
424,,jumeirah_lake_towers,2023-05-17,"{""type"":""MultiPoint"",""coordinates"":[]}"
425,0.018443317542699223,jumeirah_lake_towers,2023-05-24,"{""type"":""MultiPoint"",""coordinates"":[]}"
426,0.033152985935455216,jumeirah_lake_towers,2023-05-31,"{""type"":""MultiPoint"",""coordinates"":[]}"
427,0.022482027118893255,jumeirah_lake_towers,2023-06-07,"{""type"":""MultiPoint"",""coordinates"":[]}"
428,0.026769952628443356,jumeirah_lake_towers,2023-06-14,"{""type"":""MultiPoint"",""coordinates"":[]}"
429,0.0332913792487023,jumeirah_lake_towers,2023-06-21,"{""type"":""MultiPoint"",""coordinates"":[]}"
430,0.06337611646407858,jumeirah_lake_towers,2023-06-28,"{""type"":""MultiPoint"",""coordinates"":[]}"
431,,jumeirah_lake_towers,2023-07-05,"{""type"":""MultiPoint"",""coordinates"":[]}"
432,0.04406947381863907,jumeirah_lake_towers,2023-07-12,"{""type"":""MultiPoint"",""coordinates"":[]}"
433,,jumeirah_lake_towers,2023-07-19,"{""type"":""MultiPoint"",""coordinates"":[]}"
434,0.08020068410565609,jumeirah_lake_towers,2023-07-26,"{""type"":""MultiPoint"",""coordinates"":[]}"
435,0.07803254960452623,jumeirah_lake_towers,2023-08-02,"{""type"":""MultiPoint"",""coordinates"":[]}"
436,0.047454622708732755,jumeirah_lake_towers,2023-08-09,"{""type"":""MultiPoint"",""coordinates"":[]}"
437,0.0821108419514197,jumeirah_lake_towers,2023-08-16,"{""type"":""MultiPoint"",""coordinates"":[]}"
438,0.04857362486687414,jumeirah_lake_towers,2023-08-23,"{""type"":""MultiPoint"",""coordinates"":[]}"
439,0.06286054058333203,jumeirah_lake_towers,2023-08-30,"{""type"":""MultiPoint"",""coordinates"":[]}"
440,0.05690025325693425,jumeirah_lake_towers,2023-09-06,"{""type"":""MultiPoint"",""coordinates"":[]}"
441,0.07359839366905434,jumeirah_lake_towers,2023-09-13,"{""type"":""MultiPoint"",""coordinates"":[]}"
442,0.02929063097334446,jumeirah_lake_towers,2023-09-20,"{""type"":""MultiPoint"",""coordinates"":[]}"
443,0.054112927349838594,jumeirah_lake_towers,2023-09-27,"{""type"":""MultiPoint"",""coordinates"":[]}"
444,0.041347961899013796,jumeirah_lake_towers,2023-10-04,"{""type"":""MultiPoint"",""coordinates"":[]}"
445,0.0283270960208976,jumeirah_lake_towers,2023-10-11,"{""type"":""MultiPoint"",""coordinates"":[]}"
446,0.033293691413214206,jumeirah_lake_towers,2023-10-18,"{""type"":""MultiPoint"",""coordinates"":[]}"
447,,jumeirah_lake_towers,2023-10-25,"{""type"":""MultiPoint"",""coordinates"":[]}"
448,,jumeirah_lake_towers,2023-11-01,"{""type"":""MultiPoint"",""coordinates"":[]}"
449,0.06541601331078357,jumeirah_lake_towers,2023-11-08,"{""type"":""MultiPoint"",""coordinates"":[]}"
450,0.07704627702569407,jumeirah_lake_towers,2023-11-15,"{""type"":""MultiPoint"",""coordinates"":[]}"
451,,jumeirah_lake_towers,2023-11-22,"{""type"":""MultiPoint"",""coordinates"":[]}"
452,0.07265965381303283,jumeirah_lake_towers,2023-11-29,"{""type"":""MultiPoint"",""coordinates"":[]}"
453,0.02087496657128862,jumeirah_lake_towers,2023-12-06,"{""type"":""MultiPoint"",""coordinates"":[]}"
454,0.030149959357495204,jumeirah_lake_towers,2023-12-13,"{""type"":""MultiPoint"",""coordinates"":[]}"
455,,jumeirah_lake_towers,2023-12-20,"{""type"":""MultiPoint"",""coordinates"":[]}"
456,,jumeirah_lake_towers,2023-12-27,"{""type"":""MultiPoint"",""coordinates"":[]}"
457,0.036405757283680215,jumeirah_lake_towers,2024-01-03,"{""type"":""MultiPoint"",""coordinates"":[]}"
458,0.031650368645744775,jumeirah_lake_towers,2024-01-10,"{""type"":""MultiPoint"",""coordinates"":[]}"
459,0.019659321373168653,jumeirah_lake_towers,2024-01-17,"{""type"":""MultiPoint"",""coordinates"":[]}"
460,,jumeirah_lake_towers,2024-01-24,"{""type"":""MultiPoint"",""coordinates"":[]}"
461,,jumeirah_lake_towers,2024-01-31,"{""type"":""MultiPoint"",""coordinates"":[]}"
462,,jumeirah_lake_towers,2024-02-07,"{""type"":""MultiPoint"",""coordinates"":[]}"
463,0.11540639506288773,jumeirah_lake_towers,2024-02-14,"{""type"":""MultiPoint"",""coordinates"":[]}"
464,0.03323147798885497,jumeirah_lake_towers,2024-02-21,"{""type"":""MultiPoint"",""coordinates"":[]}"
465,0.0739315176046199,jumeirah_lake_towers,2024-02-28,"{""type"":""MultiPoint"",""coordinates"":[]}"
466,,jumeirah_lake_towers,2024-03-06,"{""type"":""MultiPoint"",""coordinates"":[]}"
467,0.021311370021631953,jumeirah_lake_towers,2024-03-13,"{""type"":""MultiPoint"",""coordinates"":[]}"
468,,jumeirah_lake_towers,2024-03-20,"{""type"":""MultiPoint"",""coordinates"":[]}"
469,-0.002047597695504333,jumeirah_lake_towers,2024-03-27,"{""type"":""MultiPoint"",""coordinates"":[]}"
470,,jumeirah_lake_towers,2024-04-03,"{""type"":""MultiPoint"",""coordinates"":[]}"
471,,jumeirah_lake_towers,2024-04-10,"{""type"":""MultiPoint"",""coordinates"":[]}"
472,,jumeirah_lake_towers,2024-04-17,"{""type"":""MultiPoint"",""coordinates"":[]}"
473,0.05459756474912041,jumeirah_lake_towers,2024-04-24,"{""type"":""MultiPoint"",""coordinates"":[]}"
474,0.021982832683678528,jumeirah_lake_towers,2024-05-01,"{""type"":""MultiPoint"",""coordinates"":[]}"
475,0.020760077888293475,jumeirah_lake_towers,2024-05-08,"{""type"":""MultiPoint"",""coordinates"":[]}"
476,0.04078014782605185,jumeirah_lake_towers,2024-05-15,"{""type"":""MultiPoint"",""coordinates"":[]}"
477,0.04521464426912435,jumeirah_lake_towers,2024-05-22,"{""type"":""MultiPoint"",""coordinates"":[]}"
478,0.04202380215873148,jumeirah_lake_towers,2024-05-29,"{""type"":""MultiPoint"",""coordinates"":[]}"
479,0.04267640438083189,jumeirah_lake_towers,2024-06-05,"{""type"":""MultiPoint"",""coordinates"":[]}"
480,0.032973821859354796,jumeirah_lake_towers,2024-06-12,"{""type"":""MultiPoint"",""coordinates"":[]}"
481,,jumeirah_lake_towers,2024-06-19,"{""type"":""MultiPoint"",""coordinates"":[]}"
482,0.08531971667140145,jumeirah_lake_towers,2024-06-26,"{""type"":""MultiPoint"",""coordinates"":[]}"
483,,jumeirah_lake_towers,2024-07-03,"{""type"":""MultiPoint"",""coordinates"":[]}"
484,,jumeirah_lake_towers,2024-07-10,"{""type"":""MultiPoint"",""coordinates"":[]}"
485,,jumeirah_lake_towers,2024-07-17,"{""type"":""MultiPoint"",""coordinates"":[]}"
486,0.11563305696495971,jumeirah_lake_towers,2024-07-24,"{""type"":""MultiPoint"",""coordinates"":[]}"
487,,jumeirah_lake_towers,2024-07-31,"{""type"":""MultiPoint"",""coordinates"":[]}"
488,,jumeirah_lake_towers,2024-08-07,"{""type"":""MultiPoint"",""coordinates"":[]}"
489,0.05413054833225871,jumeirah_lake_towers,2024-08-14,"{""type"":""MultiPoint"",""coordinates"":[]}"
490,0.07543655215682066,jumeirah_lake_towers,2024-08-21,"{""type"":""MultiPoint"",""coordinates"":[]}"
491,0.11979648872494202,jumeirah_lake_towers,2024-08-28,"{""type"":""MultiPoint"",""coordinates"":[]}"
492,0.05929578028174985,jumeirah_lake_towers,2024-09-04,"{""type"":""MultiPoint"",""coordinates"":[]}"
493,0.09005237240136041,jumeirah_lake_towers,2024-09-11,"{""type"":""MultiPoint"",""coordinates"":[]}"
494,0.05388384773536869,jumeirah_lake_towers,2024-09-18,"{""type"":""MultiPoint"",""coordinates"":[]}"
495,0.11151025944880157,jumeirah_lake_towers,2024-09-25,"{""type"":""MultiPoint"",""coordinates"":[]}"
496,0.06958606524641152,jumeirah_lake_towers,2024-10-02,"{""type"":""MultiPoint"",""coordinates"":[]}"
497,0.06524522173867987,jumeirah_lake_towers,2024-10-09,"{""type"":""MultiPoint"",""coordinates"":[]}"
498,0.10909861885289934,jumeirah_lake_towers,2024-10-16,"{""type"":""MultiPoint"",""coordinates"":[]}"
499,0.07288604231812373,jumeirah_lake_towers,2024-10-23,"{""type"":""MultiPoint"",""coordinates"":[]}"
500,0.03080541467365813,jumeirah_lake_towers,2024-10-30,"{""type"":""MultiPoint"",""coordinates"":[]}"
501,0.048548541748122495,jumeirah_lake_towers,2024-11-06,"{""type"":""MultiPoint"",""coordinates"":[]}"
502,0.03815762487421145,jumeirah_lake_towers,2024-11-13,"{""type"":""MultiPoint"",""coordinates"":[]}"
503,0.0688880456729978,jumeirah_lake_towers,2024-11-20,"{""type"":""MultiPoint"",""coordinates"":[]}"
504,0.06857107905849216,jumeirah_lake_towers,2024-11-27,"{""type"":""MultiPoint"",""coordinates"":[]}"
505,0.09546475002299998,jumeirah_lake_towers,2024-12-04,"{""type"":""MultiPoint"",""coordinates"":[]}"
506,0.061724413706808326,jumeirah_lake_towers,2024-12-11,"{""type"":""MultiPoint"",""coordinates"":[]}"
507,0.056049164269816716,jumeirah_lake_towers,2024-12-18,"{""type"":""MultiPoint"",""coordinates"":[]}"
508,0.07992987522937003,jumeirah_lake_towers,2024-12-25,"{""type"":""MultiPoint"",""coordinates"":[]}"
509,0.06937514536233945,jumeirah_lake_towers,2025-01-01,"{""type"":""MultiPoint"",""coordinates"":[]}"
510,0.08082789383066932,jumeirah_lake_towers,2025-01-08,"{""type"":""MultiPoint"",""coordinates"":[]}"
511,,jumeirah_lake_towers,2025-01-15,"{""type"":""MultiPoint"",""coordinates"":[]}"
512,0.06891083857187855,jumeirah_lake_towers,2025-01-22,"{""type"":""MultiPoint"",""coordinates"":[]}"
513,0.07050109349618659,jumeirah_lake_towers,2025-01-29,"{""type"":""MultiPoint"",""coordinates"":[]}"
514,0.05040264145789379,jumeirah_lake_towers,2025-02-05,"{""type"":""MultiPoint"",""coordinates"":[]}"
515,,jumeirah_lake_towers,2025-02-12,"{""type"":""MultiPoint"",""coordinates"":[]}"
516,,jumeirah_lake_towers,2025-02-19,"{""type"":""MultiPoint"",""coordinates"":[]}"
517,-0.0077472366001378355,jumeirah_lake_towers,2025-02-26,"{""type"":""MultiPoint"",""coordinates"":[]}"
518,,jumeirah_lake_towers,2025-03-05,"{""type"":""MultiPoint"",""coordinates"":[]}"
519,0.047397035425846924,jumeirah_lake_towers,2025-03-12,"{""type"":""MultiPoint"",""coordinates"":[]}"
520,0.02880613755334268,jumeirah_lake_towers,2025-03-19,"{""type"":""MultiPoint"",""coordinates"":[]}"
